gameid,date,league,teamname,result,side,participantid,playoffs,year,series_id
LOLTMNT02_23175,2024-01-19 08:09:00,LCK,Hanwha Life Esports,1,Blue,100,0,2024,LCK_2024-01-19_Hanwha Life Esports
LOLTMNT02_23223,2024-01-19 09:02:00,LCK,Hanwha Life Esports,1,Blue,100,0,2024,LCK_2024-01-19_Hanwha Life Esports
LOLTMNT02_26436,2024-01-21 06:09:00,LCK,Hanwha Life Esports,1,Blue,100,0,2024,LCK_2024-01-21_Hanwha Life Esports
LOLTMNT02_25456,2024-01-21 07:08:00,LCK,Hanwha Life Esports,1,Blue,100,0,2024,LCK_2024-01-21_Hanwha Life Esports
LOLTMNT02_29043,2024-01-24 08:06:00,LCK,Hanwha Life Esports,1,Red,200,0,2024,LCK_2024-01-24_Hanwha Life Esports
LOLTMNT02_29074,2024-01-24 09:00:00,LCK,Hanwha Life Esports,1,Blue,100,0,2024,LCK_2024-01-24_Hanwha Life Esports
LOLTMNT02_33526,2024-01-28 09:43:00,LCK,Hanwha Life Esports,0,Blue,100,0,2024,LCK_2024-01-28_Hanwha Life Esports
LOLTMNT02_34511,2024-01-28 10:40:00,LCK,Hanwha Life Esports,0,Blue,100,0,2024,LCK_2024-01-28_Hanwha Life Esports
LOLTMNT02_42068,2024-02-02 10:37:00,LCK,Hanwha Life Esports,1,Red,200,0,2024,LCK_2024-02-02_Hanwha Life Esports
LOLTMNT02_41061,2024-02-02 11:28:00,LCK,Hanwha Life Esports,1,Red,200,0,2024,LCK_2024-02-02_Hanwha Life Esports
LOLTMNT02_42257,2024-02-04 06:05:00,LCK,Hanwha Life Esports,1,Red,200,0,2024,LCK_2024-02-04_Hanwha Life Esports
LOLTMNT02_41262,2024-02-04 06:52:00,LCK,Hanwha Life Esports,0,Red,200,0,2024,LCK_2024-02-04_Hanwha Life Esports
LOLTMNT02_42258,2024-02-04 07:51:00,LCK,Hanwha Life Esports,1,Blue,100,0,2024,LCK_2024-02-04_Hanwha Life Esports
LOLTMNT01_57117,2024-02-15 10:40:00,LCK,Hanwha Life Esports,1,Blue,100,0,2024,LCK_2024-02-15_Hanwha Life Esports
LOLTMNT01_57141,2024-02-15 11:27:00,LCK,Hanwha Life Esports,1,Red,200,0,2024,LCK_2024-02-15_Hanwha Life Esports
LOLTMNT01_58454,2024-02-17 06:07:00,LCK,Hanwha Life Esports,0,Red,200,0,2024,LCK_2024-02-17_Hanwha Life Esports
LOLTMNT01_58466,2024-02-17 06:53:00,LCK,Hanwha Life Esports,0,Blue,100,0,2024,LCK_2024-02-17_Hanwha Life Esports
LOLTMNT02_52146,2024-02-21 11:36:00,LCK,Hanwha Life Esports,1,Blue,100,0,2024,LCK_2024-02-21_Hanwha Life Esports
LOLTMNT02_53024,2024-02-21 12:54:00,LCK,Hanwha Life Esports,1,Blue,100,0,2024,LCK_2024-02-21_Hanwha Life Esports
LOLTMNT02_54309,2024-02-23 11:49:00,LCK,Hanwha Life Esports,1,Blue,100,0,2024,LCK_2024-02-23_Hanwha Life Esports
LOLTMNT02_54335,2024-02-23 12:37:00,LCK,Hanwha Life Esports,1,Red,200,0,2024,LCK_2024-02-23_Hanwha Life Esports
LOLTMNT02_61503,2024-03-01 06:13:00,LCK,Hanwha Life Esports,0,Blue,100,0,2024,LCK_2024-03-01_Hanwha Life Esports
LOLTMNT02_61525,2024-03-01 07:10:00,LCK,Hanwha Life Esports,1,Blue,100,0,2024,LCK_2024-03-01_Hanwha Life Esports
LOLTMNT02_61530,2024-03-01 08:13:00,LCK,Hanwha Life Esports,1,Red,200,0,2024,LCK_2024-03-01_Hanwha Life Esports
LOLTMNT02_63419,2024-03-03 08:03:00,LCK,Hanwha Life Esports,1,Red,200,0,2024,LCK_2024-03-03_Hanwha Life Esports
LOLTMNT02_63428,2024-03-03 08:54:00,LCK,Hanwha Life Esports,1,Red,200,0,2024,LCK_2024-03-03_Hanwha Life Esports
LOLTMNT03_48296,2024-03-06 08:29:00,LCK,Hanwha Life Esports,0,Red,200,0,2024,LCK_2024-03-06_Hanwha Life Esports
LOLTMNT03_48298,2024-03-06 09:20:00,LCK,Hanwha Life Esports,0,Red,200,0,2024,LCK_2024-03-06_Hanwha Life Esports
LOLTMNT03_50149,2024-03-08 05:14:00,LCK,Hanwha Life Esports,1,Red,200,0,2024,LCK_2024-03-08_Hanwha Life Esports
LOLTMNT03_50154,2024-03-08 06:01:00,LCK,Hanwha Life Esports,1,Red,200,0,2024,LCK_2024-03-08_Hanwha Life Esports
LOLTMNT03_52759,2024-03-13 08:04:00,LCK,Hanwha Life Esports,1,Blue,100,0,2024,LCK_2024-03-13_Hanwha Life Esports
LOLTMNT03_52764,2024-03-13 08:53:00,LCK,Hanwha Life Esports,0,Red,200,0,2024,LCK_2024-03-13_Hanwha Life Esports
LOLTMNT03_52770,2024-03-13 09:55:00,LCK,Hanwha Life Esports,1,Blue,100,0,2024,LCK_2024-03-13_Hanwha Life Esports
LOLTMNT03_55307,2024-03-15 10:35:00,LCK,Hanwha Life Esports,1,Red,200,0,2024,LCK_2024-03-15_Hanwha Life Esports
LOLTMNT03_55310,2024-03-15 11:26:00,LCK,Hanwha Life Esports,0,Red,200,0,2024,LCK_2024-03-15_Hanwha Life Esports
LOLTMNT03_55313,2024-03-15 12:20:00,LCK,Hanwha Life Esports,1,Blue,100,0,2024,LCK_2024-03-15_Hanwha Life Esports
LOLTMNT01_73507,2024-03-21 08:05:00,LCK,Hanwha Life Esports,0,Red,200,0,2024,LCK_2024-03-21_Hanwha Life Esports
LOLTMNT01_73526,2024-03-21 09:07:00,LCK,Hanwha Life Esports,1,Blue,100,0,2024,LCK_2024-03-21_Hanwha Life Esports
LOLTMNT01_74146,2024-03-21 09:59:00,LCK,Hanwha Life Esports,1,Red,200,0,2024,LCK_2024-03-21_Hanwha Life Esports
LOLTMNT01_74964,2024-03-23 06:08:00,LCK,Hanwha Life Esports,1,Blue,100,0,2024,LCK_2024-03-23_Hanwha Life Esports
LOLTMNT01_74980,2024-03-23 07:03:00,LCK,Hanwha Life Esports,1,Red,200,0,2024,LCK_2024-03-23_Hanwha Life Esports
LOLTMNT02_66852,2024-03-30 06:10:00,LCK,Hanwha Life Esports,1,Blue,100,1,2024,LCK_2024-03-30_Hanwha Life Esports
LOLTMNT02_67822,2024-03-30 07:09:00,LCK,Hanwha Life Esports,1,Blue,100,1,2024,LCK_2024-03-30_Hanwha Life Esports
LOLTMNT02_67823,2024-03-30 08:01:00,LCK,Hanwha Life Esports,1,Blue,100,1,2024,LCK_2024-03-30_Hanwha Life Esports
LOLTMNT02_68790,2024-04-04 08:12:00,LCK,Hanwha Life Esports,1,Red,200,1,2024,LCK_2024-04-04_Hanwha Life Esports
LOLTMNT02_69796,2024-04-04 09:09:00,LCK,Hanwha Life Esports,1,Red,200,1,2024,LCK_2024-04-04_Hanwha Life Esports
LOLTMNT02_69799,2024-04-04 10:11:00,LCK,Hanwha Life Esports,1,Red,200,1,2024,LCK_2024-04-04_Hanwha Life Esports
LOLTMNT02_70202,2024-04-06 06:12:00,LCK,Hanwha Life Esports,1,Red,200,1,2024,LCK_2024-04-06_Hanwha Life Esports
LOLTMNT02_71173,2024-04-06 07:08:00,LCK,Hanwha Life Esports,0,Red,200,1,2024,LCK_2024-04-06_Hanwha Life Esports
LOLTMNT02_71199,2024-04-06 08:10:00,LCK,Hanwha Life Esports,0,Blue,100,1,2024,LCK_2024-04-06_Hanwha Life Esports
LOLTMNT02_71247,2024-04-06 09:15:00,LCK,Hanwha Life Esports,0,Blue,100,1,2024,LCK_2024-04-06_Hanwha Life Esports
LOLTMNT02_75115,2024-04-13 06:22:00,LCK,Hanwha Life Esports,1,Blue,100,1,2024,LCK_2024-04-13_Hanwha Life Esports
LOLTMNT02_76094,2024-04-13 07:24:00,LCK,Hanwha Life Esports,0,Red,200,1,2024,LCK_2024-04-13_Hanwha Life Esports
LOLTMNT02_75116,2024-04-13 08:21:00,LCK,Hanwha Life Esports,0,Red,200,1,2024,LCK_2024-04-13_Hanwha Life Esports
LOLTMNT02_76095,2024-04-13 09:17:00,LCK,Hanwha Life Esports,0,Blue,100,1,2024,LCK_2024-04-13_Hanwha Life Esports
LOLTMNT01_120250,2024-06-12 08:11:00,LCK,Hanwha Life Esports,0,Red,200,0,2024,LCK_2024-06-12_Hanwha Life Esports
LOLTMNT01_119339,2024-06-12 08:59:00,LCK,Hanwha Life Esports,1,Blue,100,0,2024,LCK_2024-06-12_Hanwha Life Esports
LOLTMNT01_119358,2024-06-12 09:53:00,LCK,Hanwha Life Esports,0,Red,200,0,2024,LCK_2024-06-12_Hanwha Life Esports
LOLTMNT01_127469,2024-06-16 06:07:00,LCK,Hanwha Life Esports,1,Red,200,0,2024,LCK_2024-06-16_Hanwha Life Esports
LOLTMNT01_127475,2024-06-16 06:55:00,LCK,Hanwha Life Esports,0,Red,200,0,2024,LCK_2024-06-16_Hanwha Life Esports
LOLTMNT01_126521,2024-06-16 07:49:00,LCK,Hanwha Life Esports,1,Blue,100,0,2024,LCK_2024-06-16_Hanwha Life Esports
LOLTMNT02_110673,2024-06-21 08:05:00,LCK,Hanwha Life Esports,1,Red,200,0,2024,LCK_2024-06-21_Hanwha Life Esports
LOLTMNT02_111598,2024-06-21 08:52:00,LCK,Hanwha Life Esports,1,Red,200,0,2024,LCK_2024-06-21_Hanwha Life Esports
LOLTMNT02_115135,2024-06-23 08:36:00,LCK,Hanwha Life Esports,1,Blue,100,0,2024,LCK_2024-06-23_Hanwha Life Esports
LOLTMNT02_115161,2024-06-23 09:23:00,LCK,Hanwha Life Esports,1,Red,200,0,2024,LCK_2024-06-23_Hanwha Life Esports
LOLTMNT02_121098,2024-06-26 10:36:00,LCK,Hanwha Life Esports,0,Red,200,0,2024,LCK_2024-06-26_Hanwha Life Esports
LOLTMNT02_121147,2024-06-26 11:31:00,LCK,Hanwha Life Esports,0,Blue,100,0,2024,LCK_2024-06-26_Hanwha Life Esports
LOLTMNT02_127490,2024-06-29 10:02:00,LCK,Hanwha Life Esports,1,Blue,100,0,2024,LCK_2024-06-29_Hanwha Life Esports
LOLTMNT02_127527,2024-06-29 10:53:00,LCK,Hanwha Life Esports,1,Red,200,0,2024,LCK_2024-06-29_Hanwha Life Esports
LOLTMNT03_118804,2024-07-12 10:40:00,LCK,Hanwha Life Esports,1,Blue,100,0,2024,LCK_2024-07-12_Hanwha Life Esports
LOLTMNT03_118842,2024-07-12 11:45:00,LCK,Hanwha Life Esports,0,Red,200,0,2024,LCK_2024-07-12_Hanwha Life Esports
LOLTMNT03_118880,2024-07-12 12:40:00,LCK,Hanwha Life Esports,1,Blue,100,0,2024,LCK_2024-07-12_Hanwha Life Esports
LOLTMNT03_122848,2024-07-14 08:42:00,LCK,Hanwha Life Esports,1,Red,200,0,2024,LCK_2024-07-14_Hanwha Life Esports
LOLTMNT03_121896,2024-07-14 09:30:00,LCK,Hanwha Life Esports,1,Red,200,0,2024,LCK_2024-07-14_Hanwha Life Esports
LOLTMNT03_126335,2024-07-17 10:35:00,LCK,Hanwha Life Esports,1,Blue,100,0,2024,LCK_2024-07-17_Hanwha Life Esports
LOLTMNT03_125372,2024-07-17 11:22:00,LCK,Hanwha Life Esports,1,Red,200,0,2024,LCK_2024-07-17_Hanwha Life Esports
LOLTMNT03_129062,2024-07-20 06:08:00,LCK,Hanwha Life Esports,1,Red,200,0,2024,LCK_2024-07-20_Hanwha Life Esports
LOLTMNT03_129067,2024-07-20 06:58:00,LCK,Hanwha Life Esports,1,Red,200,0,2024,LCK_2024-07-20_Hanwha Life Esports
LOLTMNT01_149897,2024-07-25 08:07:00,LCK,Hanwha Life Esports,1,Blue,100,0,2024,LCK_2024-07-25_Hanwha Life Esports
LOLTMNT01_149909,2024-07-25 09:03:00,LCK,Hanwha Life Esports,1,Blue,100,0,2024,LCK_2024-07-25_Hanwha Life Esports
LOLTMNT01_152468,2024-07-27 06:08:00,LCK,Hanwha Life Esports,1,Blue,100,0,2024,LCK_2024-07-27_Hanwha Life Esports
LOLTMNT01_152477,2024-07-27 06:56:00,LCK,Hanwha Life Esports,0,Red,200,0,2024,LCK_2024-07-27_Hanwha Life Esports
LOLTMNT01_152480,2024-07-27 07:47:00,LCK,Hanwha Life Esports,1,Blue,100,0,2024,LCK_2024-07-27_Hanwha Life Esports
LOLTMNT01_154783,2024-07-31 11:46:00,LCK,Hanwha Life Esports,0,Red,200,0,2024,LCK_2024-07-31_Hanwha Life Esports
LOLTMNT01_153913,2024-07-31 12:40:00,LCK,Hanwha Life Esports,1,Blue,100,0,2024,LCK_2024-07-31_Hanwha Life Esports
LOLTMNT01_153935,2024-07-31 13:38:00,LCK,Hanwha Life Esports,0,Red,200,0,2024,LCK_2024-07-31_Hanwha Life Esports
LOLTMNT01_155358,2024-08-02 08:06:00,LCK,Hanwha Life Esports,1,Red,200,0,2024,LCK_2024-08-02_Hanwha Life Esports
LOLTMNT01_156239,2024-08-02 08:57:00,LCK,Hanwha Life Esports,1,Red,200,0,2024,LCK_2024-08-02_Hanwha Life Esports
LOLTMNT02_149962,2024-08-08 08:07:00,LCK,Hanwha Life Esports,1,Blue,100,0,2024,LCK_2024-08-08_Hanwha Life Esports
LOLTMNT02_150943,2024-08-08 08:59:00,LCK,Hanwha Life Esports,1,Blue,100,0,2024,LCK_2024-08-08_Hanwha Life Esports
LOLTMNT02_151812,2024-08-10 09:21:00,LCK,Hanwha Life Esports,1,Blue,100,0,2024,LCK_2024-08-10_Hanwha Life Esports
LOLTMNT02_153281,2024-08-10 10:13:00,LCK,Hanwha Life Esports,1,Red,200,0,2024,LCK_2024-08-10_Hanwha Life Esports
LOLTMNT02_156799,2024-08-15 08:06:00,LCK,Hanwha Life Esports,1,Blue,100,0,2024,LCK_2024-08-15_Hanwha Life Esports
LOLTMNT02_156819,2024-08-15 08:56:00,LCK,Hanwha Life Esports,1,Red,200,0,2024,LCK_2024-08-15_Hanwha Life Esports
LOLTMNT02_159074,2024-08-18 08:58:00,LCK,Hanwha Life Esports,0,Blue,100,0,2024,LCK_2024-08-18_Hanwha Life Esports
LOLTMNT02_159097,2024-08-18 09:47:00,LCK,Hanwha Life Esports,0,Blue,100,0,2024,LCK_2024-08-18_Hanwha Life Esports
LOLTMNT03_143512,2024-08-29 08:08:00,LCK,Hanwha Life Esports,1,Blue,100,1,2024,LCK_2024-08-29_Hanwha Life Esports
LOLTMNT03_142511,2024-08-29 09:01:00,LCK,Hanwha Life Esports,1,Red,200,1,2024,LCK_2024-08-29_Hanwha Life Esports
LOLTMNT03_142514,2024-08-29 10:02:00,LCK,Hanwha Life Esports,1,Red,200,1,2024,LCK_2024-08-29_Hanwha Life Esports
LOLTMNT03_143986,2024-08-31 06:07:00,LCK,Hanwha Life Esports,1,Red,200,1,2024,LCK_2024-08-31_Hanwha Life Esports
LOLTMNT03_143993,2024-08-31 07:03:00,LCK,Hanwha Life Esports,0,Red,200,1,2024,LCK_2024-08-31_Hanwha Life Esports
LOLTMNT03_144116,2024-08-31 07:55:00,LCK,Hanwha Life Esports,0,Blue,100,1,2024,LCK_2024-08-31_Hanwha Life Esports
LOLTMNT03_145002,2024-08-31 08:49:00,LCK,Hanwha Life Esports,0,Blue,100,1,2024,LCK_2024-08-31_Hanwha Life Esports
LOLTMNT03_147323,2024-09-07 06:22:00,LCK,Hanwha Life Esports,1,Blue,100,1,2024,LCK_2024-09-07_Hanwha Life Esports
LOLTMNT03_146452,2024-09-07 07:15:00,LCK,Hanwha Life Esports,0,Red,200,1,2024,LCK_2024-09-07_Hanwha Life Esports
LOLTMNT03_146454,2024-09-07 08:19:00,LCK,Hanwha Life Esports,1,Blue,100,1,2024,LCK_2024-09-07_Hanwha Life Esports
LOLTMNT03_146456,2024-09-07 09:07:00,LCK,Hanwha Life Esports,1,Red,200,1,2024,LCK_2024-09-07_Hanwha Life Esports
LOLTMNT03_146529,2024-09-08 06:29:00,LCK,Hanwha Life Esports,1,Red,200,1,2024,LCK_2024-09-08_Hanwha Life Esports
LOLTMNT03_147402,2024-09-08 07:41:00,LCK,Hanwha Life Esports,0,Red,200,1,2024,LCK_2024-09-08_Hanwha Life Esports
LOLTMNT03_147403,2024-09-08 08:41:00,LCK,Hanwha Life Esports,0,Blue,100,1,2024,LCK_2024-09-08_Hanwha Life Esports
LOLTMNT03_147404,2024-09-08 09:37:00,LCK,Hanwha Life Esports,1,Blue,100,1,2024,LCK_2024-09-08_Hanwha Life Esports
LOLTMNT03_147405,2024-09-08 10:43:00,LCK,Hanwha Life Esports,1,Red,200,1,2024,LCK_2024-09-08_Hanwha Life Esports
LOLTMNT05_86248,2024-10-03 17:40:00,WLDs,Hanwha Life Esports,1,Blue,100,0,2024,WLDs_2024-10-03_Hanwha Life Esports
LOLTMNT05_88034,2024-10-04 14:03:00,WLDs,Hanwha Life Esports,1,Red,200,0,2024,WLDs_2024-10-04_Hanwha Life Esports
LOLTMNT05_88269,2024-10-05 14:15:00,WLDs,Hanwha Life Esports,1,Blue,100,0,2024,WLDs_2024-10-05_Hanwha Life Esports
LOLTMNT05_88283,2024-10-05 15:04:00,WLDs,Hanwha Life Esports,0,Red,200,0,2024,WLDs_2024-10-05_Hanwha Life Esports
LOLTMNT05_89287,2024-10-05 16:00:00,WLDs,Hanwha Life Esports,0,Blue,100,0,2024,WLDs_2024-10-05_Hanwha Life Esports
LOLTMNT05_88569,2024-10-10 14:09:00,WLDs,Hanwha Life Esports,1,Blue,100,0,2024,WLDs_2024-10-10_Hanwha Life Esports
LOLTMNT05_88577,2024-10-10 15:02:00,WLDs,Hanwha Life Esports,0,Blue,100,0,2024,WLDs_2024-10-10_Hanwha Life Esports
LOLTMNT05_89548,2024-10-10 15:59:00,WLDs,Hanwha Life Esports,1,Blue,100,0,2024,WLDs_2024-10-10_Hanwha Life Esports
LOLTMNT05_88903,2024-10-18 12:14:00,WLDs,Hanwha Life Esports,1,Blue,100,0,2024,WLDs_2024-10-18_Hanwha Life Esports
LOLTMNT05_89856,2024-10-18 13:09:00,WLDs,Hanwha Life Esports,0,Red,200,0,2024,WLDs_2024-10-18_Hanwha Life Esports
LOLTMNT05_89857,2024-10-18 13:56:00,WLDs,Hanwha Life Esports,0,Blue,100,0,2024,WLDs_2024-10-18_Hanwha Life Esports
LOLTMNT05_88905,2024-10-18 14:54:00,WLDs,Hanwha Life Esports,0,Blue,100,0,2024,WLDs_2024-10-18_Hanwha Life Esports
LOLTMNT02_189697,2024-12-01 04:07:00,KeSPA,Hanwha Life Esports,1,Red,200,0,2024,KeSPA_2024-12-01_Hanwha Life Esports
LOLTMNT02_189752,2024-12-01 07:53:00,KeSPA,Hanwha Life Esports,1,Blue,100,0,2024,KeSPA_2024-12-01_Hanwha Life Esports
LOLTMNT02_190743,2024-12-01 11:34:00,KeSPA,Hanwha Life Esports,0,Blue,100,0,2024,KeSPA_2024-12-01_Hanwha Life Esports
LOLTMNT02_191195,2024-12-03 06:22:00,KeSPA,Hanwha Life Esports,0,Blue,100,0,2024,KeSPA_2024-12-03_Hanwha Life Esports
LOLTMNT02_191226,2024-12-03 10:07:00,KeSPA,Hanwha Life Esports,1,Red,200,0,2024,KeSPA_2024-12-03_Hanwha Life Esports
LOLTMNT02_191382,2024-12-04 08:22:00,KeSPA,Hanwha Life Esports,0,Blue,100,0,2024,KeSPA_2024-12-04_Hanwha Life Esports
LOLTMNT02_192520,2024-12-05 07:06:00,KeSPA,Hanwha Life Esports,1,Blue,100,0,2024,KeSPA_2024-12-05_Hanwha Life Esports
LOLTMNT02_191599,2024-12-05 09:36:00,KeSPA,Hanwha Life Esports,1,Red,200,0,2024,KeSPA_2024-12-05_Hanwha Life Esports
LOLTMNT02_191624,2024-12-05 12:07:00,KeSPA,Hanwha Life Esports,1,Red,200,0,2024,KeSPA_2024-12-05_Hanwha Life Esports
LOLTMNT02_193000,2024-12-07 06:08:00,KeSPA,Hanwha Life Esports,0,Red,200,0,2024,KeSPA_2024-12-07_Hanwha Life Esports
LOLTMNT02_194003,2024-12-07 07:12:00,KeSPA,Hanwha Life Esports,1,Blue,100,0,2024,KeSPA_2024-12-07_Hanwha Life Esports
LOLTMNT02_194004,2024-12-07 08:07:00,KeSPA,Hanwha Life Esports,0,Red,200,0,2024,KeSPA_2024-12-07_Hanwha Life Esports
LOLTMNT03_185467,2025-01-17 08:08:25,LCK,Hanwha Life Esports,0,Red,200,0,2025,LCK_2025-01-17_Hanwha Life Esports
LOLTMNT03_184583,2025-01-17 08:59:26,LCK,Hanwha Life Esports,0,Blue,100,0,2025,LCK_2025-01-17_Hanwha Life Esports
LOLTMNT03_187435,2025-01-19 06:04:49,LCK,Hanwha Life Esports,1,Red,200,0,2025,LCK_2025-01-19_Hanwha Life Esports
LOLTMNT03_187440,2025-01-19 06:54:25,LCK,Hanwha Life Esports,1,Red,200,0,2025,LCK_2025-01-19_Hanwha Life Esports
LOLTMNT03_190012,2025-01-23 10:34:33,LCK,Hanwha Life Esports,1,Blue,100,0,2025,LCK_2025-01-23_Hanwha Life Esports
LOLTMNT03_190023,2025-01-23 11:32:01,LCK,Hanwha Life Esports,1,Red,200,0,2025,LCK_2025-01-23_Hanwha Life Esports
LOLTMNT03_191178,2025-01-25 06:06:39,LCK,Hanwha Life Esports,0,Blue,100,0,2025,LCK_2025-01-25_Hanwha Life Esports
LOLTMNT03_191179,2025-01-25 07:00:00,LCK,Hanwha Life Esports,1,Blue,100,0,2025,LCK_2025-01-25_Hanwha Life Esports
LOLTMNT03_190416,2025-01-25 07:59:38,LCK,Hanwha Life Esports,0,Red,200,0,2025,LCK_2025-01-25_Hanwha Life Esports
LOLTMNT01_195885,2025-01-31 11:08:35,LCK,Hanwha Life Esports,1,Red,200,0,2025,LCK_2025-01-31_Hanwha Life Esports
LOLTMNT01_195897,2025-01-31 12:00:21,LCK,Hanwha Life Esports,1,Red,200,0,2025,LCK_2025-01-31_Hanwha Life Esports
LOLTMNT01_204112,2025-02-08 08:35:01,LCK,Hanwha Life Esports,1,Blue,100,0,2025,LCK_2025-02-08_Hanwha Life Esports
LOLTMNT01_204114,2025-02-08 09:30:18,LCK,Hanwha Life Esports,1,Red,200,0,2025,LCK_2025-02-08_Hanwha Life Esports
LOLTMNT02_214006,2025-02-13 08:05:16,LCK,Hanwha Life Esports,1,Blue,100,0,2025,LCK_2025-02-13_Hanwha Life Esports
LOLTMNT02_214014,2025-02-13 08:54:58,LCK,Hanwha Life Esports,0,Red,200,0,2025,LCK_2025-02-13_Hanwha Life Esports
LOLTMNT02_214018,2025-02-13 09:46:17,LCK,Hanwha Life Esports,1,Blue,100,0,2025,LCK_2025-02-13_Hanwha Life Esports
LOLTMNT02_213440,2025-02-13 10:41:37,LCK,Hanwha Life Esports,0,Red,200,0,2025,LCK_2025-02-13_Hanwha Life Esports
LOLTMNT02_214059,2025-02-13 11:40:02,LCK,Hanwha Life Esports,1,Blue,100,0,2025,LCK_2025-02-13_Hanwha Life Esports
LOLTMNT02_217358,2025-02-16 06:06:32,LCK,Hanwha Life Esports,1,Red,200,0,2025,LCK_2025-02-16_Hanwha Life Esports
LOLTMNT02_217366,2025-02-16 07:06:00,LCK,Hanwha Life Esports,0,Red,200,0,2025,LCK_2025-02-16_Hanwha Life Esports
LOLTMNT02_217372,2025-02-16 08:01:28,LCK,Hanwha Life Esports,1,Blue,100,0,2025,LCK_2025-02-16_Hanwha Life Esports
LOLTMNT02_217385,2025-02-16 08:51:09,LCK,Hanwha Life Esports,0,Red,200,0,2025,LCK_2025-02-16_Hanwha Life Esports
LOLTMNT02_218314,2025-02-16 09:44:51,LCK,Hanwha Life Esports,1,Blue,100,0,2025,LCK_2025-02-16_Hanwha Life Esports
LOLTMNT02_222055,2025-02-19 08:06:35,LCK,Hanwha Life Esports,1,Blue,100,0,2025,LCK_2025-02-19_Hanwha Life Esports
LOLTMNT02_222064,2025-02-19 08:57:23,LCK,Hanwha Life Esports,0,Red,200,0,2025,LCK_2025-02-19_Hanwha Life Esports
LOLTMNT02_222074,2025-02-19 09:57:34,LCK,Hanwha Life Esports,0,Blue,100,0,2025,LCK_2025-02-19_Hanwha Life Esports
LOLTMNT02_221094,2025-02-19 10:58:30,LCK,Hanwha Life Esports,1,Blue,100,0,2025,LCK_2025-02-19_Hanwha Life Esports
LOLTMNT02_221101,2025-02-19 11:52:23,LCK,Hanwha Life Esports,1,Red,200,0,2025,LCK_2025-02-19_Hanwha Life Esports
LOLTMNT02_223033,2025-02-23 06:21:15,LCK,Hanwha Life Esports,1,Blue,100,0,2025,LCK_2025-02-23_Hanwha Life Esports
LOLTMNT02_223039,2025-02-23 07:16:10,LCK,Hanwha Life Esports,0,Red,200,0,2025,LCK_2025-02-23_Hanwha Life Esports
LOLTMNT02_223046,2025-02-23 08:02:54,LCK,Hanwha Life Esports,1,Blue,100,0,2025,LCK_2025-02-23_Hanwha Life Esports
LOLTMNT02_223059,2025-02-23 08:55:52,LCK,Hanwha Life Esports,0,Red,200,0,2025,LCK_2025-02-23_Hanwha Life Esports
LOLTMNT02_223070,2025-02-23 09:50:50,LCK,Hanwha Life Esports,1,Blue,100,0,2025,LCK_2025-02-23_Hanwha Life Esports
LOLTMNT01_210897,2025-03-10 11:02:32,FST,Hanwha Life Esports,1,Blue,100,0,2025,FST_2025-03-10_Hanwha Life Esports
LOLTMNT01_210904,2025-03-10 11:53:27,FST,Hanwha Life Esports,1,Red,200,0,2025,FST_2025-03-10_Hanwha Life Esports
LOLTMNT01_213467,2025-03-12 08:13:19,FST,Hanwha Life Esports,1,Blue,100,0,2025,FST_2025-03-12_Hanwha Life Esports
LOLTMNT01_213476,2025-03-12 08:58:24,FST,Hanwha Life Esports,1,Red,200,0,2025,FST_2025-03-12_Hanwha Life Esports
LOLTMNT01_213886,2025-03-13 10:04:11,FST,Hanwha Life Esports,1,Red,200,0,2025,FST_2025-03-13_Hanwha Life Esports
LOLTMNT01_213908,2025-03-13 11:00:53,FST,Hanwha Life Esports,0,Red,200,0,2025,FST_2025-03-13_Hanwha Life Esports
LOLTMNT01_213934,2025-03-13 12:03:34,FST,Hanwha Life Esports,1,Blue,100,0,2025,FST_2025-03-13_Hanwha Life Esports
LOLTMNT01_215241,2025-03-14 10:03:02,FST,Hanwha Life Esports,1,Red,200,0,2025,FST_2025-03-14_Hanwha Life Esports
LOLTMNT01_216119,2025-03-14 10:51:05,FST,Hanwha Life Esports,0,Red,200,0,2025,FST_2025-03-14_Hanwha Life Esports
LOLTMNT01_215294,2025-03-14 11:50:34,FST,Hanwha Life Esports,1,Blue,100,0,2025,FST_2025-03-14_Hanwha Life Esports
LOLTMNT01_216490,2025-03-15 09:03:49,FST,Hanwha Life Esports,1,Blue,100,0,2025,FST_2025-03-15_Hanwha Life Esports
LOLTMNT01_216505,2025-03-15 09:53:59,FST,Hanwha Life Esports,1,Red,200,0,2025,FST_2025-03-15_Hanwha Life Esports
LOLTMNT01_216516,2025-03-15 10:44:24,FST,Hanwha Life Esports,1,Red,200,0,2025,FST_2025-03-15_Hanwha Life Esports
LOLTMNT01_216716,2025-03-16 08:15:11,FST,Hanwha Life Esports,0,Blue,100,0,2025,FST_2025-03-16_Hanwha Life Esports
LOLTMNT01_215852,2025-03-16 09:12:52,FST,Hanwha Life Esports,1,Blue,100,0,2025,FST_2025-03-16_Hanwha Life Esports
LOLTMNT01_215856,2025-03-16 10:04:05,FST,Hanwha Life Esports,1,Red,200,0,2025,FST_2025-03-16_Hanwha Life Esports
LOLTMNT01_215859,2025-03-16 10:51:43,FST,Hanwha Life Esports,1,Blue,100,0,2025,FST_2025-03-16_Hanwha Life Esports
LOLTMNT02_242547,2025-04-02 08:11:26,LCK,Hanwha Life Esports,0,Blue,100,0,2025,LCK_2025-04-02_Hanwha Life Esports
LOLTMNT02_241560,2025-04-02 09:01:28,LCK,Hanwha Life Esports,0,Blue,100,0,2025,LCK_2025-04-02_Hanwha Life Esports
LOLTMNT02_243218,2025-04-04 08:09:26,LCK,Hanwha Life Esports,1,Blue,100,0,2025,LCK_2025-04-04_Hanwha Life Esports
LOLTMNT02_243219,2025-04-04 09:07:00,LCK,Hanwha Life Esports,0,Red,200,0,2025,LCK_2025-04-04_Hanwha Life Esports
LOLTMNT02_244146,2025-04-04 10:04:22,LCK,Hanwha Life Esports,1,Blue,100,0,2025,LCK_2025-04-04_Hanwha Life Esports
LOLTMNT03_218043,2025-04-09 08:10:53,LCK,Hanwha Life Esports,1,Red,200,0,2025,LCK_2025-04-09_Hanwha Life Esports
LOLTMNT03_218051,2025-04-09 09:08:54,LCK,Hanwha Life Esports,0,Red,200,0,2025,LCK_2025-04-09_Hanwha Life Esports
LOLTMNT03_217087,2025-04-09 10:05:44,LCK,Hanwha Life Esports,1,Blue,100,0,2025,LCK_2025-04-09_Hanwha Life Esports
LOLTMNT03_221513,2025-04-12 06:07:11,LCK,Hanwha Life Esports,1,Blue,100,0,2025,LCK_2025-04-12_Hanwha Life Esports
LOLTMNT03_221558,2025-04-12 07:00:01,LCK,Hanwha Life Esports,1,Red,200,0,2025,LCK_2025-04-12_Hanwha Life Esports
LOLTMNT03_230485,2025-04-17 08:06:06,LCK,Hanwha Life Esports,1,Red,200,0,2025,LCK_2025-04-17_Hanwha Life Esports
LOLTMNT03_229500,2025-04-17 08:56:44,LCK,Hanwha Life Esports,1,Red,200,0,2025,LCK_2025-04-17_Hanwha Life Esports
LOLTMNT03_231086,2025-04-19 08:15:16,LCK,Hanwha Life Esports,1,Red,200,0,2025,LCK_2025-04-19_Hanwha Life Esports
LOLTMNT03_232068,2025-04-19 09:02:12,LCK,Hanwha Life Esports,1,Red,200,0,2025,LCK_2025-04-19_Hanwha Life Esports
LOLTMNT01_229932,2025-04-24 10:18:06,LCK,Hanwha Life Esports,1,Blue,100,0,2025,LCK_2025-04-24_Hanwha Life Esports
LOLTMNT01_230468,2025-04-24 11:12:58,LCK,Hanwha Life Esports,1,Red,200,0,2025,LCK_2025-04-24_Hanwha Life Esports
LOLTMNT01_235231,2025-04-27 09:10:52,LCK,Hanwha Life Esports,0,Red,200,0,2025,LCK_2025-04-27_Hanwha Life Esports
LOLTMNT01_235270,2025-04-27 10:09:36,LCK,Hanwha Life Esports,1,Blue,100,0,2025,LCK_2025-04-27_Hanwha Life Esports
LOLTMNT01_235289,2025-04-27 11:06:05,LCK,Hanwha Life Esports,1,Red,200,0,2025,LCK_2025-04-27_Hanwha Life Esports
LOLTMNT01_237541,2025-04-30 11:18:31,LCK,Hanwha Life Esports,1,Red,200,0,2025,LCK_2025-04-30_Hanwha Life Esports
LOLTMNT01_238088,2025-04-30 12:15:07,LCK,Hanwha Life Esports,1,Red,200,0,2025,LCK_2025-04-30_Hanwha Life Esports
LOLTMNT01_239267,2025-05-02 10:12:25,LCK,Hanwha Life Esports,1,Blue,100,0,2025,LCK_2025-05-02_Hanwha Life Esports
LOLTMNT01_239278,2025-05-02 11:01:02,LCK,Hanwha Life Esports,1,Red,200,0,2025,LCK_2025-05-02_Hanwha Life Esports
LOLTMNT02_260974,2025-05-09 10:06:12,LCK,Hanwha Life Esports,1,Red,200,0,2025,LCK_2025-05-09_Hanwha Life Esports
LOLTMNT02_260988,2025-05-09 10:58:34,LCK,Hanwha Life Esports,1,Red,200,0,2025,LCK_2025-05-09_Hanwha Life Esports
LOLTMNT02_264288,2025-05-11 09:23:56,LCK,Hanwha Life Esports,1,Blue,100,0,2025,LCK_2025-05-11_Hanwha Life Esports
LOLTMNT02_263459,2025-05-11 10:14:45,LCK,Hanwha Life Esports,1,Red,200,0,2025,LCK_2025-05-11_Hanwha Life Esports
LOLTMNT02_268237,2025-05-15 08:06:53,LCK,Hanwha Life Esports,1,Red,200,0,2025,LCK_2025-05-15_Hanwha Life Esports
LOLTMNT02_268242,2025-05-15 09:01:56,LCK,Hanwha Life Esports,0,Red,200,0,2025,LCK_2025-05-15_Hanwha Life Esports
LOLTMNT02_268252,2025-05-15 09:54:38,LCK,Hanwha Life Esports,0,Blue,100,0,2025,LCK_2025-05-15_Hanwha Life Esports
LOLTMNT02_269294,2025-05-18 06:04:32,LCK,Hanwha Life Esports,1,Blue,100,0,2025,LCK_2025-05-18_Hanwha Life Esports
LOLTMNT02_270047,2025-05-18 07:02:00,LCK,Hanwha Life Esports,1,Red,200,0,2025,LCK_2025-05-18_Hanwha Life Esports
LOLTMNT03_241129,2025-05-21 08:06:27,LCK,Hanwha Life Esports,0,Red,200,0,2025,LCK_2025-05-21_Hanwha Life Esports
LOLTMNT03_241144,2025-05-21 08:57:00,LCK,Hanwha Life Esports,1,Blue,100,0,2025,LCK_2025-05-21_Hanwha Life Esports
LOLTMNT03_241162,2025-05-21 10:07:37,LCK,Hanwha Life Esports,0,Red,200,0,2025,LCK_2025-05-21_Hanwha Life Esports
LOLTMNT03_244183,2025-05-24 06:04:59,LCK,Hanwha Life Esports,0,Blue,100,0,2025,LCK_2025-05-24_Hanwha Life Esports
LOLTMNT03_243654,2025-05-24 06:57:37,LCK,Hanwha Life Esports,1,Blue,100,0,2025,LCK_2025-05-24_Hanwha Life Esports
LOLTMNT03_243679,2025-05-24 07:49:35,LCK,Hanwha Life Esports,0,Blue,100,0,2025,LCK_2025-05-24_Hanwha Life Esports
LOLTMNT03_248249,2025-05-28 11:13:02,LCK,Hanwha Life Esports,1,Red,200,0,2025,LCK_2025-05-28_Hanwha Life Esports
LOLTMNT03_250029,2025-05-28 12:09:20,LCK,Hanwha Life Esports,1,Red,200,0,2025,LCK_2025-05-28_Hanwha Life Esports
LOLTMNT03_253707,2025-06-01 06:05:16,LCK,Hanwha Life Esports,1,Blue,100,0,2025,LCK_2025-06-01_Hanwha Life Esports
LOLTMNT03_253709,2025-06-01 06:54:26,LCK,Hanwha Life Esports,1,Red,200,0,2025,LCK_2025-06-01_Hanwha Life Esports
LOLTMNT01_251602,2025-06-13 08:18:23,LCK,Hanwha Life Esports,1,Red,200,1,2025,LCK_2025-06-13_Hanwha Life Esports
LOLTMNT01_252424,2025-06-13 09:32:05,LCK,Hanwha Life Esports,1,Red,200,1,2025,LCK_2025-06-13_Hanwha Life Esports
LOLTMNT01_252430,2025-06-13 10:26:58,LCK,Hanwha Life Esports,0,Red,200,1,2025,LCK_2025-06-13_Hanwha Life Esports
LOLTMNT01_252434,2025-06-13 11:19:23,LCK,Hanwha Life Esports,0,Blue,100,1,2025,LCK_2025-06-13_Hanwha Life Esports
LOLTMNT01_252445,2025-06-13 12:18:27,LCK,Hanwha Life Esports,0,Blue,100,1,2025,LCK_2025-06-13_Hanwha Life Esports
LOLTMNT01_252766,2025-06-15 06:17:37,LCK,Hanwha Life Esports,0,Blue,100,1,2025,LCK_2025-06-15_Hanwha Life Esports
LOLTMNT01_253007,2025-06-15 07:20:05,LCK,Hanwha Life Esports,0,Blue,100,1,2025,LCK_2025-06-15_Hanwha Life Esports
LOLTMNT01_252771,2025-06-15 08:16:26,LCK,Hanwha Life Esports,0,Red,200,1,2025,LCK_2025-06-15_Hanwha Life Esports
LOLTMNT06_128269,2025-07-16 09:32:34,EWC,Hanwha Life Esports,1,Blue,100,1,2025,EWC_2025-07-16_Hanwha Life Esports
LOLTMNT06_128338,2025-07-16 14:27:56,EWC,Hanwha Life Esports,1,Blue,100,1,2025,EWC_2025-07-16_Hanwha Life Esports
LOLTMNT06_128462,2025-07-17 11:36:24,EWC,Hanwha Life Esports,0,Red,200,1,2025,EWC_2025-07-17_Hanwha Life Esports
LOLTMNT06_129466,2025-07-17 12:26:36,EWC,Hanwha Life Esports,1,Blue,100,1,2025,EWC_2025-07-17_Hanwha Life Esports
LOLTMNT06_129477,2025-07-17 13:28:39,EWC,Hanwha Life Esports,0,Red,200,1,2025,EWC_2025-07-17_Hanwha Life Esports
LOLTMNT01_264750,2025-07-23 11:17:36,LCK,Hanwha Life Esports,0,Red,200,0,2025,LCK_2025-07-23_Hanwha Life Esports
LOLTMNT01_264776,2025-07-23 12:09:23,LCK,Hanwha Life Esports,0,Blue,100,0,2025,LCK_2025-07-23_Hanwha Life Esports
LOLTMNT01_269192,2025-07-26 08:31:59,LCK,Hanwha Life Esports,1,Blue,100,0,2025,LCK_2025-07-26_Hanwha Life Esports
LOLTMNT01_269211,2025-07-26 09:30:22,LCK,Hanwha Life Esports,1,Red,200,0,2025,LCK_2025-07-26_Hanwha Life Esports
LOLTMNT01_273014,2025-07-31 10:31:25,LCK,Hanwha Life Esports,1,Red,200,0,2025,LCK_2025-07-31_Hanwha Life Esports
LOLTMNT01_273023,2025-07-31 11:20:55,LCK,Hanwha Life Esports,1,Red,200,0,2025,LCK_2025-07-31_Hanwha Life Esports
LOLTMNT01_273344,2025-08-02 06:07:06,LCK,Hanwha Life Esports,0,Red,200,0,2025,LCK_2025-08-02_Hanwha Life Esports
LOLTMNT01_272834,2025-08-02 06:59:14,LCK,Hanwha Life Esports,0,Blue,100,0,2025,LCK_2025-08-02_Hanwha Life Esports
LOLTMNT02_294403,2025-08-06 08:06:02,LCK,Hanwha Life Esports,1,Blue,100,0,2025,LCK_2025-08-06_Hanwha Life Esports
LOLTMNT02_295361,2025-08-06 08:57:50,LCK,Hanwha Life Esports,1,Red,200,0,2025,LCK_2025-08-06_Hanwha Life Esports
LOLTMNT02_296450,2025-08-08 10:27:25,LCK,Hanwha Life Esports,1,Red,200,0,2025,LCK_2025-08-08_Hanwha Life Esports
LOLTMNT02_296483,2025-08-08 11:28:56,LCK,Hanwha Life Esports,1,Red,200,0,2025,LCK_2025-08-08_Hanwha Life Esports
LOLTMNT02_303069,2025-08-15 11:15:30,LCK,Hanwha Life Esports,0,Blue,100,0,2025,LCK_2025-08-15_Hanwha Life Esports
LOLTMNT02_302301,2025-08-15 12:15:57,LCK,Hanwha Life Esports,0,Blue,100,0,2025,LCK_2025-08-15_Hanwha Life Esports
LOLTMNT02_302438,2025-08-17 06:07:44,LCK,Hanwha Life Esports,0,Blue,100,0,2025,LCK_2025-08-17_Hanwha Life Esports
LOLTMNT02_303218,2025-08-17 07:00:19,LCK,Hanwha Life Esports,1,Blue,100,0,2025,LCK_2025-08-17_Hanwha Life Esports
LOLTMNT02_303220,2025-08-17 07:55:07,LCK,Hanwha Life Esports,0,Red,200,0,2025,LCK_2025-08-17_Hanwha Life Esports
LOLTMNT03_284605,2025-08-21 08:05:15,LCK,Hanwha Life Esports,0,Red,200,0,2025,LCK_2025-08-21_Hanwha Life Esports
LOLTMNT03_285537,2025-08-21 09:06:15,LCK,Hanwha Life Esports,1,Blue,100,0,2025,LCK_2025-08-21_Hanwha Life Esports
LOLTMNT03_285549,2025-08-21 10:07:01,LCK,Hanwha Life Esports,1,Red,200,0,2025,LCK_2025-08-21_Hanwha Life Esports
LOLTMNT03_286946,2025-08-23 06:06:52,LCK,Hanwha Life Esports,0,Blue,100,0,2025,LCK_2025-08-23_Hanwha Life Esports
LOLTMNT03_286952,2025-08-23 07:02:58,LCK,Hanwha Life Esports,1,Blue,100,0,2025,LCK_2025-08-23_Hanwha Life Esports
LOLTMNT03_287529,2025-08-23 07:59:15,LCK,Hanwha Life Esports,0,Red,200,0,2025,LCK_2025-08-23_Hanwha Life Esports
LOLTMNT03_292093,2025-08-27 08:04:11,LCK,Hanwha Life Esports,0,Red,200,0,2025,LCK_2025-08-27_Hanwha Life Esports
LOLTMNT03_292099,2025-08-27 08:54:16,LCK,Hanwha Life Esports,1,Blue,100,0,2025,LCK_2025-08-27_Hanwha Life Esports
LOLTMNT03_291552,2025-08-27 10:04:17,LCK,Hanwha Life Esports,0,Red,200,0,2025,LCK_2025-08-27_Hanwha Life Esports
LOLTMNT03_293418,2025-08-29 11:12:12,LCK,Hanwha Life Esports,1,Blue,100,0,2025,LCK_2025-08-29_Hanwha Life Esports
LOLTMNT03_294428,2025-08-29 12:12:25,LCK,Hanwha Life Esports,1,Red,200,0,2025,LCK_2025-08-29_Hanwha Life Esports
LOLTMNT01_288565,2025-09-14 06:11:34,LCK,Hanwha Life Esports,1,Blue,100,1,2025,LCK_2025-09-14_Hanwha Life Esports
LOLTMNT01_288570,2025-09-14 07:10:28,LCK,Hanwha Life Esports,1,Red,200,1,2025,LCK_2025-09-14_Hanwha Life Esports
LOLTMNT01_289038,2025-09-14 08:14:27,LCK,Hanwha Life Esports,1,Red,200,1,2025,LCK_2025-09-14_Hanwha Life Esports
LOLTMNT01_290456,2025-09-20 06:07:09,LCK,Hanwha Life Esports,1,Blue,100,1,2025,LCK_2025-09-20_Hanwha Life Esports
LOLTMNT01_289914,2025-09-20 06:59:22,LCK,Hanwha Life Esports,1,Red,200,1,2025,LCK_2025-09-20_Hanwha Life Esports
LOLTMNT01_289916,2025-09-20 07:54:22,LCK,Hanwha Life Esports,1,Red,200,1,2025,LCK_2025-09-20_Hanwha Life Esports
LOLTMNT01_290949,2025-09-28 05:30:31,LCK,Hanwha Life Esports,0,Blue,100,1,2025,LCK_2025-09-28_Hanwha Life Esports
LOLTMNT01_290950,2025-09-28 06:24:02,LCK,Hanwha Life Esports,0,Blue,100,1,2025,LCK_2025-09-28_Hanwha Life Esports
LOLTMNT01_290952,2025-09-28 07:27:40,LCK,Hanwha Life Esports,1,Blue,100,1,2025,LCK_2025-09-28_Hanwha Life Esports
LOLTMNT01_290953,2025-09-28 08:21:35,LCK,Hanwha Life Esports,0,Red,200,1,2025,LCK_2025-09-28_Hanwha Life Esports
LOLTMNT01_296764,2025-10-15 10:20:25,WLDs,Hanwha Life Esports,0,Blue,100,0,2025,WLDs_2025-10-15_Hanwha Life Esports
LOLTMNT01_296993,2025-10-16 11:56:15,WLDs,Hanwha Life Esports,1,Blue,100,0,2025,WLDs_2025-10-16_Hanwha Life Esports
LOLTMNT01_298478,2025-10-18 11:02:40,WLDs,Hanwha Life Esports,1,Blue,100,0,2025,WLDs_2025-10-18_Hanwha Life Esports
LOLTMNT01_301255,2025-10-22 08:14:32,WLDs,Hanwha Life Esports,1,Red,200,0,2025,WLDs_2025-10-22_Hanwha Life Esports
LOLTMNT01_301259,2025-10-22 09:12:19,WLDs,Hanwha Life Esports,1,Red,200,0,2025,WLDs_2025-10-22_Hanwha Life Esports
LOLTMNT01_303065,2025-10-28 07:13:37,WLDs,Hanwha Life Esports,0,Red,200,0,2025,WLDs_2025-10-28_Hanwha Life Esports
LOLTMNT01_303066,2025-10-28 08:07:57,WLDs,Hanwha Life Esports,0,Blue,100,0,2025,WLDs_2025-10-28_Hanwha Life Esports
LOLTMNT01_303068,2025-10-28 09:29:35,WLDs,Hanwha Life Esports,1,Blue,100,0,2025,WLDs_2025-10-28_Hanwha Life Esports
LOLTMNT01_302140,2025-10-28 10:23:11,WLDs,Hanwha Life Esports,0,Red,200,0,2025,WLDs_2025-10-28_Hanwha Life Esports
LOLTMNT02_338092,2025-12-06 08:49:01,KeSPA,Hanwha Life Esports,1,Blue,100,0,2025,KeSPA_2025-12-06_Hanwha Life Esports
LOLTMNT02_337190,2025-12-06 11:23:32,KeSPA,Hanwha Life Esports,1,Blue,100,0,2025,KeSPA_2025-12-06_Hanwha Life Esports
LOLTMNT02_337395,2025-12-07 13:00:34,KeSPA,Hanwha Life Esports,1,Red,200,0,2025,KeSPA_2025-12-07_Hanwha Life Esports
LOLTMNT02_338392,2025-12-08 06:59:22,KeSPA,Hanwha Life Esports,1,Red,200,0,2025,KeSPA_2025-12-08_Hanwha Life Esports
LOLTMNT02_338587,2025-12-11 09:14:22,KeSPA,Hanwha Life Esports,1,Blue,100,0,2025,KeSPA_2025-12-11_Hanwha Life Esports
LOLTMNT02_338588,2025-12-11 10:07:59,KeSPA,Hanwha Life Esports,0,Red,200,0,2025,KeSPA_2025-12-11_Hanwha Life Esports
LOLTMNT02_338589,2025-12-11 11:04:13,KeSPA,Hanwha Life Esports,1,Blue,100,0,2025,KeSPA_2025-12-11_Hanwha Life Esports
LOLTMNT02_338624,2025-12-12 08:07:15,KeSPA,Hanwha Life Esports,1,Blue,100,0,2025,KeSPA_2025-12-12_Hanwha Life Esports
LOLTMNT02_338639,2025-12-12 09:06:57,KeSPA,Hanwha Life Esports,1,Red,200,0,2025,KeSPA_2025-12-12_Hanwha Life Esports
LOLTMNT02_338647,2025-12-12 10:05:06,KeSPA,Hanwha Life Esports,0,Blue,100,0,2025,KeSPA_2025-12-12_Hanwha Life Esports
LOLTMNT02_338648,2025-12-12 11:11:18,KeSPA,Hanwha Life Esports,0,Blue,100,0,2025,KeSPA_2025-12-12_Hanwha Life Esports
LOLTMNT02_337686,2025-12-12 11:56:53,KeSPA,Hanwha Life Esports,1,Blue,100,0,2025,KeSPA_2025-12-12_Hanwha Life Esports
LOLTMNT02_337782,2025-12-14 08:06:45,KeSPA,Hanwha Life Esports,0,Blue,100,0,2025,KeSPA_2025-12-14_Hanwha Life Esports
LOLTMNT02_338735,2025-12-14 08:58:48,KeSPA,Hanwha Life Esports,0,Blue,100,0,2025,KeSPA_2025-12-14_Hanwha Life Esports
LOLTMNT02_338736,2025-12-14 09:46:09,KeSPA,Hanwha Life Esports,1,Blue,100,0,2025,KeSPA_2025-12-14_Hanwha Life Esports
LOLTMNT02_338737,2025-12-14 10:44:26,KeSPA,Hanwha Life Esports,1,Red,200,0,2025,KeSPA_2025-12-14_Hanwha Life Esports
LOLTMNT02_338739,2025-12-14 11:40:05,KeSPA,Hanwha Life Esports,0,Red,200,0,2025,KeSPA_2025-12-14_Hanwha Life Esports
